{
  "baseline": {
    "accuracy": 72.648033126294,
    "precision": 73.1546676645428,
    "recall": 99.00090100029419,
    "f1": 84.11763284989235
  },
  "crf_only": {
    "accuracy": 67.56267080745342,
    "precision": 68.0338409280248,
    "recall": 99.00090100029419,
    "f1": 78.22939855039988
  },
  "hybrid_static": {
    "accuracy": 75.69925051759834,
    "precision": 76.2271637064536,
    "recall": 99.00090100029419,
    "f1": 87.65057342958782
  },
  "pattern_learning": {
    "accuracy": 89.44296551316178,
    "precision": 89.67351020259478,
    "recall": 99.57887042877097,
    "f1": 94.63150983247193
  },
  "crf_incremental": {
    "accuracy": 95.16951342797988,
    "precision": 95.27615457598694,
    "recall": 99.81969102396963,
    "f1": 97.54023333367365
  },
  "final": {
    "accuracy": 98.60544217687074,
    "precision": 98.63774120002223,
    "recall": 99.96418338108883,
    "f1": 99.28546743439468
  }
}