{
  "phase": "adaptive",
  "template_id": 4,
  "template_name": "mixed_template",
  "total_documents": 35,
  "batch_size": 5,
  "total_batches": 7,
  "total_corrections": 54,
  "initial_accuracy": 0.6952380952380952,
  "final_accuracy": 0.9959183673469387,
  "improvement": 0.3006802721088435,
  "improvement_percentage": 43.24853228962818,
  "strategy": "hybrid",
  "metrics": {
    "accuracy": 0.9959183673469387,
    "precision": 0.9959183673469387,
    "recall": 1.0,
    "f1_score": 0.9979550102249488,
    "avg_confidence": 0.9445101636791337,
    "true_positives": 732,
    "false_positives": 3,
    "false_negatives": 0
  },
  "field_accuracy": {
    "area_id_2": {
      "accuracy": 1.0,
      "total": 35,
      "correct": 35,
      "tp": 35,
      "fp": 0,
      "fn": 0,
      "precision": 1.0,
      "recall": 1.0,
      "f1_score": 1.0,
      "avg_confidence": 0.9400000000000006
    },
    "area_finding_1": {
      "accuracy": 1.0,
      "total": 35,
      "correct": 35,
      "tp": 35,
      "fp": 0,
      "fn": 0,
      "precision": 1.0,
      "recall": 1.0,
      "f1_score": 1.0,
      "avg_confidence": 0.9400000000000006
    },
    "area_finding_3": {
      "accuracy": 1.0,
      "total": 35,
      "correct": 35,
      "tp": 35,
      "fp": 0,
      "fn": 0,
      "precision": 1.0,
      "recall": 1.0,
      "f1_score": 1.0,
      "avg_confidence": 0.9400000000000006
    },
    "area_id_1": {
      "accuracy": 1.0,
      "total": 35,
      "correct": 35,
      "tp": 35,
      "fp": 0,
      "fn": 0,
      "precision": 1.0,
      "recall": 1.0,
      "f1_score": 1.0,
      "avg_confidence": 0.9400000000000006
    },
    "project_name": {
      "accuracy": 1.0,
      "total": 35,
      "correct": 35,
      "tp": 35,
      "fp": 0,
      "fn": 0,
      "precision": 1.0,
      "recall": 1.0,
      "f1_score": 1.0,
      "avg_confidence": 0.9817103935951143
    },
    "approver_name": {
      "accuracy": 0.9428571428571428,
      "total": 35,
      "correct": 33,
      "tp": 33,
      "fp": 2,
      "fn": 0,
      "precision": 0.9428571428571428,
      "recall": 1.0,
      "f1_score": 0.9705882352941176,
      "avg_confidence": 0.8236916453526533
    },
    "project_location_2": {
      "accuracy": 0.9714285714285714,
      "total": 35,
      "correct": 34,
      "tp": 34,
      "fp": 1,
      "fn": 0,
      "precision": 0.9714285714285714,
      "recall": 1.0,
      "f1_score": 0.9855072463768115,
      "avg_confidence": 0.9274761016715709
    },
    "client_name": {
      "accuracy": 1.0,
      "total": 35,
      "correct": 35,
      "tp": 35,
      "fp": 0,
      "fn": 0,
      "precision": 1.0,
      "recall": 1.0,
      "f1_score": 1.0,
      "avg_confidence": 0.9282004634231568
    },
    "surveyor_name_sign": {
      "accuracy": 1.0,
      "total": 35,
      "correct": 35,
      "tp": 35,
      "fp": 0,
      "fn": 0,
      "precision": 1.0,
      "recall": 1.0,
      "f1_score": 1.0,
      "avg_confidence": 0.9825917928834633
    },
    "surveyor_name": {
      "accuracy": 1.0,
      "total": 35,
      "correct": 35,
      "tp": 35,
      "fp": 0,
      "fn": 0,
      "precision": 1.0,
      "recall": 1.0,
      "f1_score": 1.0,
      "avg_confidence": 0.9816627317489556
    },
    "survey_date": {
      "accuracy": 1.0,
      "total": 35,
      "correct": 35,
      "tp": 35,
      "fp": 0,
      "fn": 0,
      "precision": 1.0,
      "recall": 1.0,
      "f1_score": 1.0,
      "avg_confidence": 0.9816925162252679
    },
    "approver_id": {
      "accuracy": 1.0,
      "total": 35,
      "correct": 35,
      "tp": 35,
      "fp": 0,
      "fn": 0,
      "precision": 1.0,
      "recall": 1.0,
      "f1_score": 1.0,
      "avg_confidence": 0.9278795919574362
    },
    "area_id_3": {
      "accuracy": 1.0,
      "total": 35,
      "correct": 35,
      "tp": 35,
      "fp": 0,
      "fn": 0,
      "precision": 1.0,
      "recall": 1.0,
      "f1_score": 1.0,
      "avg_confidence": 0.9360000000000005
    },
    "project_location": {
      "accuracy": 1.0,
      "total": 35,
      "correct": 35,
      "tp": 35,
      "fp": 0,
      "fn": 0,
      "precision": 1.0,
      "recall": 1.0,
      "f1_score": 1.0,
      "avg_confidence": 0.9813773365625654
    },
    "client_name_2": {
      "accuracy": 1.0,
      "total": 35,
      "correct": 35,
      "tp": 35,
      "fp": 0,
      "fn": 0,
      "precision": 1.0,
      "recall": 1.0,
      "f1_score": 1.0,
      "avg_confidence": 0.9543897257838546
    },
    "area_finding_2": {
      "accuracy": 1.0,
      "total": 35,
      "correct": 35,
      "tp": 35,
      "fp": 0,
      "fn": 0,
      "precision": 1.0,
      "recall": 1.0,
      "f1_score": 1.0,
      "avg_confidence": 0.9400000000000006
    },
    "area_recomendation_3": {
      "accuracy": 1.0,
      "total": 35,
      "correct": 35,
      "tp": 35,
      "fp": 0,
      "fn": 0,
      "precision": 1.0,
      "recall": 1.0,
      "f1_score": 1.0,
      "avg_confidence": 0.9400000000000006
    },
    "survey_date_2": {
      "accuracy": 1.0,
      "total": 35,
      "correct": 35,
      "tp": 35,
      "fp": 0,
      "fn": 0,
      "precision": 1.0,
      "recall": 1.0,
      "f1_score": 1.0,
      "avg_confidence": 0.9816980913176455
    },
    "surveyor_id": {
      "accuracy": 1.0,
      "total": 35,
      "correct": 35,
      "tp": 35,
      "fp": 0,
      "fn": 0,
      "precision": 1.0,
      "recall": 1.0,
      "f1_score": 1.0,
      "avg_confidence": 0.9263430467399925
    },
    "area_recomendation_2": {
      "accuracy": 1.0,
      "total": 35,
      "correct": 35,
      "tp": 35,
      "fp": 0,
      "fn": 0,
      "precision": 1.0,
      "recall": 1.0,
      "f1_score": 1.0,
      "avg_confidence": 0.9400000000000006
    },
    "area_recomendation_1": {
      "accuracy": 1.0,
      "total": 35,
      "correct": 35,
      "tp": 35,
      "fp": 0,
      "fn": 0,
      "precision": 1.0,
      "recall": 1.0,
      "f1_score": 1.0,
      "avg_confidence": 0.9400000000000006
    }
  },
  "learning_curve": [
    {
      "batch": 0,
      "documents_with_feedback": 0,
      "accuracy": 0.6952380952380952,
      "timestamp": "2025-11-17T19:43:40.358211"
    },
    {
      "batch": 1,
      "documents_with_feedback": 5,
      "total_corrections": 31,
      "accuracy": 0.8653061224489796,
      "improvement": 0.17006802721088443,
      "timestamp": "2025-11-17T19:48:12.661291"
    },
    {
      "batch": 2,
      "documents_with_feedback": 10,
      "total_corrections": 46,
      "accuracy": 0.9605442176870749,
      "improvement": 0.26530612244897966,
      "timestamp": "2025-11-17T19:54:47.254673"
    },
    {
      "batch": 3,
      "documents_with_feedback": 15,
      "total_corrections": 51,
      "accuracy": 0.9904761904761905,
      "improvement": 0.2952380952380953,
      "timestamp": "2025-11-17T20:01:40.082165"
    },
    {
      "batch": 4,
      "documents_with_feedback": 20,
      "total_corrections": 51,
      "accuracy": 0.9959183673469387,
      "improvement": 0.3006802721088435,
      "timestamp": "2025-11-17T20:09:38.276872"
    },
    {
      "batch": 5,
      "documents_with_feedback": 25,
      "total_corrections": 51,
      "accuracy": 0.9959183673469387,
      "improvement": 0.3006802721088435,
      "timestamp": "2025-11-17T20:21:23.169673"
    },
    {
      "batch": 6,
      "documents_with_feedback": 30,
      "total_corrections": 51,
      "accuracy": 0.9904761904761905,
      "improvement": 0.2952380952380953,
      "timestamp": "2025-11-17T20:37:05.559284"
    },
    {
      "batch": 7,
      "documents_with_feedback": 35,
      "total_corrections": 54,
      "accuracy": 0.9959183673469387,
      "improvement": 0.3006802721088435,
      "timestamp": "2025-11-17T20:53:33.112640"
    }
  ],
  "timestamp": "2025-11-17T20:53:33.115324"
}