{
  "phase": "baseline",
  "template_id": 3,
  "template_name": "letter_template",
  "total_documents": 100,
  "total_fields": 2100,
  "correct_fields": 1285,
  "baseline_accuracy": 0.611904761904762,
  "strategy": "rule_based",
  "metrics": {
    "accuracy": 0.611904761904762,
    "precision": 0.6358238495794162,
    "recall": 0.9420821114369502,
    "f1_score": 0.7592319054652881,
    "avg_confidence": 0.9521904761904794,
    "true_positives": 1285,
    "false_positives": 736,
    "false_negatives": 79
  },
  "field_accuracy": {
    "kabupaten_kop": {
      "accuracy": 0.79,
      "total": 100,
      "correct": 79,
      "tp": 79,
      "fp": 21,
      "fn": 0,
      "precision": 0.79,
      "recall": 1.0,
      "f1_score": 0.8826815642458101,
      "avg_confidence": 0.9990000000000001
    },
    "kabupaten": {
      "accuracy": 0.34,
      "total": 100,
      "correct": 34,
      "tp": 34,
      "fp": 66,
      "fn": 0,
      "precision": 0.34,
      "recall": 1.0,
      "f1_score": 0.5074626865671642,
      "avg_confidence": 1.0
    },
    "kecamatan": {
      "accuracy": 0.74,
      "total": 100,
      "correct": 74,
      "tp": 74,
      "fp": 26,
      "fn": 0,
      "precision": 0.74,
      "recall": 1.0,
      "f1_score": 0.8505747126436781,
      "avg_confidence": 0.9880000000000001
    },
    "pekerjaan": {
      "accuracy": 0.99,
      "total": 100,
      "correct": 99,
      "tp": 99,
      "fp": 1,
      "fn": 0,
      "precision": 0.99,
      "recall": 1.0,
      "f1_score": 0.9949748743718593,
      "avg_confidence": 1.0
    },
    "tanggal_surat": {
      "accuracy": 0.23,
      "total": 100,
      "correct": 23,
      "tp": 23,
      "fp": 76,
      "fn": 1,
      "precision": 0.23232323232323232,
      "recall": 0.9583333333333334,
      "f1_score": 0.37398373983739835,
      "avg_confidence": 0.99
    },
    "telp_kantor_desa": {
      "accuracy": 0.76,
      "total": 100,
      "correct": 76,
      "tp": 76,
      "fp": 24,
      "fn": 0,
      "precision": 0.76,
      "recall": 1.0,
      "f1_score": 0.8636363636363636,
      "avg_confidence": 1.0
    },
    "desa": {
      "accuracy": 0.36,
      "total": 100,
      "correct": 36,
      "tp": 36,
      "fp": 64,
      "fn": 0,
      "precision": 0.36,
      "recall": 1.0,
      "f1_score": 0.5294117647058824,
      "avg_confidence": 1.0
    },
    "kecamatan_kop": {
      "accuracy": 0.89,
      "total": 100,
      "correct": 89,
      "tp": 89,
      "fp": 11,
      "fn": 0,
      "precision": 0.89,
      "recall": 1.0,
      "f1_score": 0.9417989417989417,
      "avg_confidence": 1.0
    },
    "keperluan": {
      "accuracy": 0.0,
      "total": 100,
      "correct": 0,
      "tp": 0,
      "fp": 100,
      "fn": 0,
      "precision": 0.0,
      "recall": 0,
      "f1_score": 0,
      "avg_confidence": 1.0
    },
    "jenis_kelamin": {
      "accuracy": 1.0,
      "total": 100,
      "correct": 100,
      "tp": 100,
      "fp": 0,
      "fn": 0,
      "precision": 1.0,
      "recall": 1.0,
      "f1_score": 1.0,
      "avg_confidence": 1.0
    },
    "tanggal_lahir": {
      "accuracy": 0.87,
      "total": 100,
      "correct": 87,
      "tp": 87,
      "fp": 13,
      "fn": 0,
      "precision": 0.87,
      "recall": 1.0,
      "f1_score": 0.9304812834224598,
      "avg_confidence": 0.9460000000000005
    },
    "nik": {
      "accuracy": 1.0,
      "total": 100,
      "correct": 100,
      "tp": 100,
      "fp": 0,
      "fn": 0,
      "precision": 1.0,
      "recall": 1.0,
      "f1_score": 1.0,
      "avg_confidence": 1.0
    },
    "status_kawin": {
      "accuracy": 0.99,
      "total": 100,
      "correct": 99,
      "tp": 99,
      "fp": 1,
      "fn": 0,
      "precision": 0.99,
      "recall": 1.0,
      "f1_score": 0.9949748743718593,
      "avg_confidence": 1.0
    },
    "nama_lengkap": {
      "accuracy": 1.0,
      "total": 100,
      "correct": 100,
      "tp": 100,
      "fp": 0,
      "fn": 0,
      "precision": 1.0,
      "recall": 1.0,
      "f1_score": 1.0,
      "avg_confidence": 1.0
    },
    "alamat": {
      "accuracy": 0.0,
      "total": 100,
      "correct": 0,
      "tp": 0,
      "fp": 99,
      "fn": 1,
      "precision": 0.0,
      "recall": 0.0,
      "f1_score": 0,
      "avg_confidence": 0.945
    },
    "tempat_lahir": {
      "accuracy": 0.04,
      "total": 100,
      "correct": 4,
      "tp": 4,
      "fp": 96,
      "fn": 0,
      "precision": 0.04,
      "recall": 1.0,
      "f1_score": 0.07692307692307693,
      "avg_confidence": 1.0
    },
    "alamat_kantor_desa": {
      "accuracy": 0.41,
      "total": 100,
      "correct": 41,
      "tp": 41,
      "fp": 59,
      "fn": 0,
      "precision": 0.41,
      "recall": 1.0,
      "f1_score": 0.5815602836879432,
      "avg_confidence": 1.0
    },
    "agama": {
      "accuracy": 0.99,
      "total": 100,
      "correct": 99,
      "tp": 99,
      "fp": 1,
      "fn": 0,
      "precision": 0.99,
      "recall": 1.0,
      "f1_score": 0.9949748743718593,
      "avg_confidence": 1.0
    },
    "desa_kop": {
      "accuracy": 0.43,
      "total": 100,
      "correct": 43,
      "tp": 43,
      "fp": 57,
      "fn": 0,
      "precision": 0.43,
      "recall": 1.0,
      "f1_score": 0.6013986013986015,
      "avg_confidence": 0.9950000000000001
    },
    "nomor_surat": {
      "accuracy": 0.97,
      "total": 100,
      "correct": 97,
      "tp": 97,
      "fp": 3,
      "fn": 0,
      "precision": 0.97,
      "recall": 1.0,
      "f1_score": 0.9847715736040609,
      "avg_confidence": 0.9030000000000009
    },
    "kepala_desa": {
      "accuracy": 0.05,
      "total": 100,
      "correct": 5,
      "tp": 5,
      "fp": 18,
      "fn": 77,
      "precision": 0.21739130434782608,
      "recall": 0.06097560975609756,
      "f1_score": 0.09523809523809522,
      "avg_confidence": 0.23
    }
  },
  "timestamp": "2025-12-13T06:40:35.937393"
}