{
  "phase": "baseline",
  "template_id": 3,
  "template_name": "letter_template",
  "total_documents": 35,
  "total_fields": 735,
  "correct_fields": 511,
  "baseline_accuracy": 0.6952380952380952,
  "strategy": "rule_based",
  "metrics": {
    "accuracy": 0.6952380952380952,
    "precision": 0.7116991643454039,
    "recall": 0.9678030303030303,
    "f1_score": 0.8202247191011237,
    "avg_confidence": 0.9583673469387749,
    "true_positives": 511,
    "false_positives": 207,
    "false_negatives": 17
  },
  "field_accuracy": {
    "status_kawin": {
      "accuracy": 1.0,
      "total": 35,
      "correct": 35,
      "tp": 35,
      "fp": 0,
      "fn": 0,
      "precision": 1.0,
      "recall": 1.0,
      "f1_score": 1.0,
      "avg_confidence": 1.0
    },
    "tanggal_surat": {
      "accuracy": 0.5428571428571428,
      "total": 35,
      "correct": 19,
      "tp": 19,
      "fp": 16,
      "fn": 0,
      "precision": 0.5428571428571428,
      "recall": 1.0,
      "f1_score": 0.7037037037037037,
      "avg_confidence": 1.0
    },
    "jenis_kelamin": {
      "accuracy": 1.0,
      "total": 35,
      "correct": 35,
      "tp": 35,
      "fp": 0,
      "fn": 0,
      "precision": 1.0,
      "recall": 1.0,
      "f1_score": 1.0,
      "avg_confidence": 1.0
    },
    "pekerjaan": {
      "accuracy": 0.7714285714285715,
      "total": 35,
      "correct": 27,
      "tp": 27,
      "fp": 8,
      "fn": 0,
      "precision": 0.7714285714285715,
      "recall": 1.0,
      "f1_score": 0.870967741935484,
      "avg_confidence": 1.0
    },
    "nomor_surat": {
      "accuracy": 1.0,
      "total": 35,
      "correct": 35,
      "tp": 35,
      "fp": 0,
      "fn": 0,
      "precision": 1.0,
      "recall": 1.0,
      "f1_score": 1.0,
      "avg_confidence": 0.8999999999999994
    },
    "desa": {
      "accuracy": 0.9714285714285714,
      "total": 35,
      "correct": 34,
      "tp": 34,
      "fp": 1,
      "fn": 0,
      "precision": 0.9714285714285714,
      "recall": 1.0,
      "f1_score": 0.9855072463768115,
      "avg_confidence": 1.0
    },
    "kecamatan": {
      "accuracy": 0.6285714285714286,
      "total": 35,
      "correct": 22,
      "tp": 22,
      "fp": 13,
      "fn": 0,
      "precision": 0.6285714285714286,
      "recall": 1.0,
      "f1_score": 0.7719298245614035,
      "avg_confidence": 0.9971428571428571
    },
    "kabupaten_kop": {
      "accuracy": 0.7428571428571429,
      "total": 35,
      "correct": 26,
      "tp": 26,
      "fp": 9,
      "fn": 0,
      "precision": 0.7428571428571429,
      "recall": 1.0,
      "f1_score": 0.8524590163934427,
      "avg_confidence": 1.0
    },
    "tempat_lahir": {
      "accuracy": 1.0,
      "total": 35,
      "correct": 35,
      "tp": 35,
      "fp": 0,
      "fn": 0,
      "precision": 1.0,
      "recall": 1.0,
      "f1_score": 1.0,
      "avg_confidence": 1.0
    },
    "desa_kop": {
      "accuracy": 0.45714285714285713,
      "total": 35,
      "correct": 16,
      "tp": 16,
      "fp": 19,
      "fn": 0,
      "precision": 0.45714285714285713,
      "recall": 1.0,
      "f1_score": 0.6274509803921569,
      "avg_confidence": 0.9971428571428571
    },
    "nik": {
      "accuracy": 1.0,
      "total": 35,
      "correct": 35,
      "tp": 35,
      "fp": 0,
      "fn": 0,
      "precision": 1.0,
      "recall": 1.0,
      "f1_score": 1.0,
      "avg_confidence": 1.0
    },
    "nama_lengkap": {
      "accuracy": 1.0,
      "total": 35,
      "correct": 35,
      "tp": 35,
      "fp": 0,
      "fn": 0,
      "precision": 1.0,
      "recall": 1.0,
      "f1_score": 1.0,
      "avg_confidence": 1.0
    },
    "agama": {
      "accuracy": 1.0,
      "total": 35,
      "correct": 35,
      "tp": 35,
      "fp": 0,
      "fn": 0,
      "precision": 1.0,
      "recall": 1.0,
      "f1_score": 1.0,
      "avg_confidence": 1.0
    },
    "tanggal_lahir": {
      "accuracy": 0.8571428571428571,
      "total": 35,
      "correct": 30,
      "tp": 30,
      "fp": 4,
      "fn": 1,
      "precision": 0.8823529411764706,
      "recall": 0.967741935483871,
      "f1_score": 0.923076923076923,
      "avg_confidence": 0.9285714285714284
    },
    "alamat": {
      "accuracy": 0.0,
      "total": 35,
      "correct": 0,
      "tp": 0,
      "fp": 35,
      "fn": 0,
      "precision": 0.0,
      "recall": 0,
      "f1_score": 0,
      "avg_confidence": 0.8971428571428575
    },
    "kecamatan_kop": {
      "accuracy": 0.8,
      "total": 35,
      "correct": 28,
      "tp": 28,
      "fp": 7,
      "fn": 0,
      "precision": 0.8,
      "recall": 1.0,
      "f1_score": 0.888888888888889,
      "avg_confidence": 1.0
    },
    "kepala_desa": {
      "accuracy": 0.05714285714285714,
      "total": 35,
      "correct": 2,
      "tp": 2,
      "fp": 17,
      "fn": 16,
      "precision": 0.10526315789473684,
      "recall": 0.1111111111111111,
      "f1_score": 0.10810810810810811,
      "avg_confidence": 0.5428571428571428
    },
    "alamat_kantor_desa": {
      "accuracy": 0.0,
      "total": 35,
      "correct": 0,
      "tp": 0,
      "fp": 35,
      "fn": 0,
      "precision": 0.0,
      "recall": 0,
      "f1_score": 0,
      "avg_confidence": 0.8628571428571427
    },
    "keperluan": {
      "accuracy": 0.0,
      "total": 35,
      "correct": 0,
      "tp": 0,
      "fp": 35,
      "fn": 0,
      "precision": 0.0,
      "recall": 0,
      "f1_score": 0,
      "avg_confidence": 1.0
    },
    "kabupaten": {
      "accuracy": 0.9428571428571428,
      "total": 35,
      "correct": 33,
      "tp": 33,
      "fp": 2,
      "fn": 0,
      "precision": 0.9428571428571428,
      "recall": 1.0,
      "f1_score": 0.9705882352941176,
      "avg_confidence": 1.0
    },
    "telp_kantor_desa": {
      "accuracy": 0.8285714285714286,
      "total": 35,
      "correct": 29,
      "tp": 29,
      "fp": 6,
      "fn": 0,
      "precision": 0.8285714285714286,
      "recall": 1.0,
      "f1_score": 0.90625,
      "avg_confidence": 1.0
    }
  },
  "timestamp": "2025-11-17T20:55:49.433314"
}