{
  "template_id": 4,
  "baseline": {
    "accuracy": 0.6952380952380952,
    "strategy": "rule_based",
    "total_documents": 35
  },
  "adaptive": {
    "initial_accuracy": 0.6952380952380952,
    "final_accuracy": 0.9959183673469387,
    "strategy": "hybrid",
    "total_documents": 35,
    "total_batches": 7,
    "total_corrections": 54
  },
  "improvement": {
    "absolute": 0.3006802721088435,
    "percentage": 43.24853228962818
  },
  "timestamp": "2025-11-17T20:53:33.327966"
}