{
  "template_id": 1,
  "baseline": {
    "accuracy": 0.7676190476190476,
    "strategy": "rule_based",
    "total_documents": 35
  },
  "adaptive": {
    "initial_accuracy": 0.7676190476190476,
    "final_accuracy": 1.0,
    "strategy": "hybrid",
    "total_documents": 35,
    "total_batches": 7,
    "total_corrections": 32
  },
  "improvement": {
    "absolute": 0.23238095238095235,
    "percentage": 30.272952853598014
  },
  "timestamp": "2025-11-18T08:42:02.081426"
}