{
  "processing_times": {
    "mean": 61.428806107142854,
    "median": 45.4581054,
    "min": 4.336361,
    "max": 197.5106712,
    "std": 50.883764202866345,
    "all_times": [
      4.336361,
      11.9145346,
      15.1983844,
      12.4027886,
      17.863145199999998,
      24.7638246,
      25.9610578,
      19.473325,
      17.5711614,
      28.2961546,
      37.2514848,
      40.2852384,
      46.690699,
      46.5978882,
      33.9420168,
      44.3183226,
      53.0873678,
      70.92948659999999,
      99.5032504,
      112.23859379999999,
      118.8305996,
      54.460616,
      78.91867640000001,
      82.5654984,
      95.6389414,
      140.9785602,
      188.4779222,
      197.5106712
    ]
  },
  "throughput": {
    "mean": 0.9767404545572519,
    "median": 1.3198966272800274
  },
  "training_time": {
    "mean": 5.119067175595238,
    "median": 3.7881754499999998,
    "min": 0.36136341666666666,
    "max": 16.4592226
  },
  "corrections": {
    "total_fields": 2800,
    "total_corrections": 196,
    "correction_rate": 0.07,
    "correction_rate_percent": 7.000000000000001,
    "learning_efficiency": 7.550830655636837
  },
  "note": "All metrics calculated from actual experiment timestamps and results"
}