{
  "accuracy": {
    "baseline_mean": 72.648033126294,
    "baseline_std": 3.6969311116215358,
    "adaptive_mean": 98.60544217687074,
    "adaptive_std": 2.524350383031222,
    "t_statistic": 17.889735434292913,
    "p_value": 0.00038088624361277236,
    "cohens_d": 8.944867717146455,
    "df": 3
  },
  "precision": {
    "baseline_mean": 73.1546676645428,
    "baseline_std": 3.1710599670898785,
    "adaptive_mean": 98.63774120002223,
    "adaptive_std": 2.4599451863652986,
    "t_statistic": 17.427441746870738,
    "p_value": 0.00041176162670904725,
    "cohens_d": 8.713720873435369,
    "df": 3
  },
  "recall": {
    "baseline_mean": 99.00090100029419,
    "baseline_std": 1.525004340285513,
    "adaptive_mean": 99.96418338108883,
    "adaptive_std": 0.07163323782234698,
    "t_statistic": 1.323582838814968,
    "p_value": 0.2774663873940456,
    "cohens_d": 0.661791419407484,
    "df": 3
  },
  "f1": {
    "baseline_mean": 84.11763284989235,
    "baseline_std": 2.475188463913337,
    "adaptive_mean": 99.28546743439468,
    "adaptive_std": 1.2963219351746056,
    "t_statistic": 15.531558676688604,
    "p_value": 0.0005799387073679729,
    "cohens_d": 7.765779338344302,
    "df": 3
  }
}