{
  "Overall Statistics": {
    "Baseline Accuracy": {
      "Mean": 72.648033126294,
      "Std": 3.2016362587052947,
      "Min": 69.52380952380952,
      "Max": 76.76190476190476
    },
    "Adaptive Accuracy": {
      "Mean": 98.60544217687075,
      "Std": 2.1861515597580143,
      "Min": 94.82993197278911,
      "Max": 100.0
    },
    "Improvement": {
      "Mean": 35.910408149229845,
      "Std": 4.760822302042843,
      "Min": 30.272952853598014,
      "Max": 43.24853228962818
    }
  },
  "Template-Specific": {}
}